<?xml version="1.0" encoding="UTF-8"?>
<metadata>
  <groupId>io.grpc</groupId>
  <artifactId>grpc-core</artifactId>
  <versioning>
    <latest>1.22.1</latest>
    <release>1.22.1</release>
    <versions>
      <version>0.7.0</version>
      <version>0.7.1</version>
      <version>0.7.2</version>
      <version>0.8.0</version>
      <version>0.9.0</version>
      <version>0.9.1</version>
      <version>0.12.0</version>
      <version>0.13.0</version>
      <version>0.13.1</version>
      <version>0.13.2</version>
      <version>0.14.0</version>
      <version>0.14.1</version>
      <version>0.15.0</version>
      <version>1.0.0</version>
      <version>1.0.0-pre1</version>
      <version>1.0.0-pre2</version>
      <version>1.0.1</version>
      <version>1.0.2</version>
      <version>1.0.3</version>
      <version>1.1.1</version>
      <version>1.1.2</version>
      <version>1.2.0</version>
      <version>1.3.0</version>
      <version>1.3.1</version>
      <version>1.4.0</version>
      <version>1.5.0</version>
      <version>1.6.0</version>
      <version>1.6.1</version>
      <version>1.7.0</version>
      <version>1.7.1</version>
      <version>1.8.0</version>
      <version>1.9.0</version>
      <version>1.9.1</version>
      <version>1.10.0</version>
      <version>1.10.1</version>
      <version>1.11.0</version>
      <version>1.12.0</version>
      <version>1.12.1</version>
      <version>1.13.1</version>
      <version>1.13.2</version>
      <version>1.14.0</version>
      <version>1.15.0</version>
      <version>1.15.1</version>
      <version>1.16.0</version>
      <version>1.16.1</version>
      <version>1.17.0</version>
      <version>1.17.1</version>
      <version>1.18.0</version>
      <version>1.19.0</version>
      <version>1.20.0</version>
      <version>1.21.0</version>
      <version>1.22.0</version>
      <version>1.22.1</version>
    </versions>
    <lastUpdated>20190710220714</lastUpdated>
  </versioning>
</metadata>
